tweet_id,customer_message_llm,drafted_reply_llm,relevance,tone_fit,groundedness,actionability,notes,customer_message_human,drafted_reply_human,human_relevance,human_tone_fit,human_groundedness,human_actionability
1224223,@SpotifyCares It’s set to the United States.. I live in America,@123456 Thanks. Could you try this link: https://t.co/X4cfqVdpmW? Is this the album you're looking for? /LO,1,2,4.0,3.0,The reply does not address the customer’s issue about region,@SpotifyCares It's set to the United States.. I live in America,Thanks. Could you try this link? Is this the album you're looking for?,2,3,3,2
1358989,@SpotifyCares My Operating system is Android and the version of Spotify is 8.4.22.857,@123456 Got it. Could you let us know the make and model of the device you're using? /MG,2,4,5.0,4.0,"The reply does not address the lack of a stated issue, so relevance is lowest.",@SpotifyCares My Operating system is Android and the version of Spotify is 8.4.22.857,Got it. Could you let us know the make and model of the device you're using?,4,4,5,4
777912,@SpotifyCares please i need it in my country,@123456 Thanks. Sometimes tracks are removed due to licensing or legal reasons. Hopefully it will be available again soon. /UK,3,2,5.0,1.0,No clear next step or guidance for the user.,@SpotifyCares please i need it in my country,Thanks. Sometimes tracks are removed due to licensing or legal reasons. Hopefully it will be available again soon.,4,4,4,3
2061017,@SpotifyCares Are you ever going to do an Apple Watch app? Where you can download playlists etc.? It’s in demand!!!!,@123456 Hey! Check out the official idea and add your vote to let our devs know it’s something you’d like to see: https://t.co/SEK4E4gi22 /TF,5,5,5.0,5.0,"All criteria are met with a clear, safe, and actionable",@SpotifyCares Are you ever going to do an Apple Watch app?,Check out the official idea and add your vote to let our devs know,5,5,5,4
2720681,@SpotifyCares @SpotifyCares took care of my very lengthy issue. Very professional and nice to see someone actually believes in great customer service! 😀😀😀,@123456 Thanks for the love! Glad we could help you out. Keep rocking 🎶 /BX,5,5,5.0,5.0,All criteria are met equally.,@SpotifyCares took care of my very lengthy issue. Very professional!,Thanks for the love! Glad we could help you out.,5,5,5,4
2414553,"@SpotifyCares On iPhone X, the Spotify app will not resume music after taking a phone call without fully closing and restarting the app. This issue was not present when using iOS 11 on other iOS devices, so i assume it's lack of iPhone X support.",@123456 Hey! Could you DM us your account’s email address? We’ll take a look backstage /QI,1,3,5.0,2.0,The reply does not address the specific issue of playback after a call.,"On iPhone X, the Spotify app will not resume music after taking a phone call...",Could you DM us your account's email address? We'll take a look backstage,2,4,4,3
2924066,@SpotifyCares Any promotions for someone who wants to sign up to Premium?,"@123456 Hey! We’re happy to help. The current promo is only for new Premium subscribers, so if you’re signing up now you’re eligible. Let us know if you need help getting started! /AY",5,5,2.0,5.0,Lowest score because it claims a specific promo rule that may not be verified.,Any promotions for someone who wants to sign up to Premium?,"The current promo is only for new Premium subscribers, so if you're signing up now you're eligible",4,5,2,4
783585,@SpotifyCares hey guys do you kindly wanna offer me a deal for a first time subscription buyer? #cheeky #tryingmyluck,@123456 Hey there! Could you DM us your email or username so we can check what options might be available for you? 🙂 /PC https://t.co/ldFdZRiNAt,4,5,5.0,5.0,Lowest score due to not directly addressing the request for a deal.,hey guys do you kindly wanna offer me a deal for a first time subscription buyer?,Could you DM us your email or username so we can check what options might be available,3,4,4,4
1591191,@SpotifyCares It is happening again...this is so annoying. https://t.co/g0GHVnXo8L,"@123456 Hey! We’re on it. Try logging out, restarting your device, then logging back in. Let us know if that fixes it /TY",5,4,5.0,5.0,Slightly informal greeting could be tightened for a more professional tone.,It is happening again...this is so annoying.,"We're on it. Try logging out, restarting your device, then logging back in",4,4,4,4
1850974,@115888 why do I have a bunch of songs greyed out on my songs list??..,"@115888 Hey! Can you let us know what device, operating system, and Spotify version you're using? We'll see what we can suggest /GK",4,4,5.0,3.0,Lowest score due to not providing a clear next step beyond asking for more info.,why do I have a bunch of songs greyed out on my songs list??,"Can you let us know what device, operating system, and Spotify version you're using?",2,4,4,3
1514286,@SpotifyCares Your site is freezing while listening to music https://t.co/Xr11TVVjYR,"@123456 Hey, we’re on it! What device, operating system, and Spotify version are you using? We’ll see what we can suggest /RA",5,5,5.0,3.0,Lowest score due to lack of a clear next step or solution for the user.,Your site is freezing while listening to music,"Hey, we're on it! What device, operating system, and Spotify version are you using?",4,4,4,4
1378813,@SpotifyCares When I click certain songs nothing happens. Same thing happened to my friend,@123456 Hey! That’s not cool. Try logging out ➜ restarting the device ➜ logging back in—does that help? Keep us posted /CG,5,5,5.0,5.0,All criteria are strong,When I click certain songs nothing happens. Same thing happened to my friend,"Try logging out, restarting the device, logging back in-does that help?",4,4,4,4
2484443,Spotify is just trolling at this point. Two updates and no iPhone X optimization @115888,@115888 Hey! We hear you—our devs are on it and will share updates as soon as we have them. Thanks for your patience /NY,3,4,4.0,2.0,No,Spotify is just trolling at this point. Two updates and no iPhone X optimization,We hear you-our devs are on it and will share updates as soon as we have them,3,4,3,2
2629117,@115888 where is the perfect velvet😔,"@115888 Hey! Don’t worry, we’ll have it available to you as soon as it’s available to us. We have more info about Spotify content at https://t.co/0i8GpimuDa. Let us know if you need more help /NY",1,3,4.0,2.0,The reply does not address the customer’s specific request about “the perfect velvet.”,where is the perfect velvet😔,"Don't worry, we'll have it available to you as soon as it's available to us",2,4,3,2
2691960,@SpotifyCares Now that’s service! https://t.co/OMxOT0F9z3,@123456 Thanks for the love! Glad we could help. Let us know if there’s anything else you need /KB,5,5,,,,Now that's service!,Thanks for the love! Glad we could help.,5,5,5,4
2602374,"@SpotifyCares Hmm, so is the iPhone issue an @115858 problem or a ""Spotify is making money off the data somehow"" problem? This isn't something new.","@115858 Got it. Could you share the iPhone model, iOS version, and Spotify app version? We’ll dig into it /MT",4,3,5.0,4.0,Tone is slightly formal for a casual support tweet.,so is the iPhone issue a problem or a Spotify is making money off the data problem?,"Could you share the iPhone model, iOS version, and Spotify app version?",3,3,4,4
1644809,@115888 It’s also gone from the control center - it’s prob something simple but google has me confused...I don’t like technology #IPhone #Spotify,@115888 Hey! Could you let us know your iOS and Spotify app versions? We’ll see what’s going on /RH,4,4,5.0,4.0,Slightly informal tone could be tightened for a more professional feel.,It's also gone from the control center...google has me confused...I don't like technology,Could you let us know your iOS and Spotify app versions?,4,4,4,4
780954,@115888 @SpotifyCares what’s the presale code for @26720???,@115888 Hey there! Pre‑sale codes are sent out via email to a select group of the biggest fans on Spotify. Hopefully you’re one of them 🙂 /KL,1,4,1.0,1.0,The reply does not address the customer’s request for a presale code.,what's the presale code for @26720???,Pre-sale codes are sent out via email to a select group of the biggest fans on Spotify,2,4,2,1
1513486,@SpotifyCares Is this something that will be fixed shortly? I like seeing when exactly in the year things were released,"@123456 Thanks for reaching out. We don’t have a release date to share right now, but we’ll keep you posted when we do /LP",4,3,5.0,2.0,No clear next step or guidance for the customer.,Is this something that will be fixed shortly? I like seeing when exactly in the year things were released,"We don't have a release date to share right now, but we'll keep you posted",5,4,5,3
1877948,@spotifycares That's on an Andriod BTW. Samsung S7,"@123456 Got it. Does logging out, restarting your phone, and then logging back in help? Let us know if the issue persists /LP",4,4,5.0,4.0,"Lowest score is 4, not 5, because the reply could be slightly more specific to the device context.",That's on an Andriod BTW. Samsung S7,"Does logging out, restarting your phone, and then logging back in help?",4,4,4,4
